{"docstore/metadata": {"6a5b76b6-3b99-4766-bcff-613ab990b5f4": {"doc_hash": "b97726b7a99774fb61e5822ca286564d5dccead083996075f43f011f45bba9c3"}, "421f178c-77e0-43af-912a-d02986bf16dc": {"doc_hash": "7f2bf3cadb8e4ff428eb22c1e4d19fca82511c783a565beb565d28f3d52c2a28", "ref_doc_id": "6a5b76b6-3b99-4766-bcff-613ab990b5f4"}}, "docstore/data": {"421f178c-77e0-43af-912a-d02986bf16dc": {"__data__": {"id_": "421f178c-77e0-43af-912a-d02986bf16dc", "embedding": null, "metadata": {"file_path": "C:\\Users\\Joselyn\\Downloads\\College\\GenAI\\data\\genai.txt", "file_name": "genai.txt", "file_type": "text/plain", "file_size": 311, "creation_date": "2024-09-06", "last_modified_date": "2024-09-06"}, "excluded_embed_metadata_keys": ["file_name", "file_type", "file_size", "creation_date", "last_modified_date", "last_accessed_date"], "excluded_llm_metadata_keys": ["file_name", "file_type", "file_size", "creation_date", "last_modified_date", "last_accessed_date"], "relationships": {"1": {"node_id": "6a5b76b6-3b99-4766-bcff-613ab990b5f4", "node_type": "4", "metadata": {"file_path": "C:\\Users\\Joselyn\\Downloads\\College\\GenAI\\data\\genai.txt", "file_name": "genai.txt", "file_type": "text/plain", "file_size": 311, "creation_date": "2024-09-06", "last_modified_date": "2024-09-06"}, "hash": "b97726b7a99774fb61e5822ca286564d5dccead083996075f43f011f45bba9c3", "class_name": "RelatedNodeInfo"}}, "text": "A convolutional neural network (CNN) is a type of deep learning algorithm that's used to recognize patterns in images, audio, and text. CNNs are made up of multiple layers, including convolution layers, pooling layers, and fully connected layers. They learn features by themselves through filter optimization.", "mimetype": "text/plain", "start_char_idx": 0, "end_char_idx": 309, "text_template": "{metadata_str}\n\n{content}", "metadata_template": "{key}: {value}", "metadata_seperator": "\n", "class_name": "TextNode"}, "__type__": "1"}}, "docstore/ref_doc_info": {"6a5b76b6-3b99-4766-bcff-613ab990b5f4": {"node_ids": ["421f178c-77e0-43af-912a-d02986bf16dc"], "metadata": {"file_path": "C:\\Users\\Joselyn\\Downloads\\College\\GenAI\\data\\genai.txt", "file_name": "genai.txt", "file_type": "text/plain", "file_size": 311, "creation_date": "2024-09-06", "last_modified_date": "2024-09-06"}}}}